home_team,away_team,match_date,avg_goal_diff_h2h,h2h_home_winrate,result
Crystal Palace,Arsenal,2022-08-05 00:00:00+00:00,1.5,0.5,A
Leeds,Wolves,2022-08-06 00:00:00+00:00,-0.5,0.5,H
Everton,Chelsea,2022-08-06 00:00:00+00:00,0.5,0.5,A
Tottenham,Southampton,2022-08-06 00:00:00+00:00,-0.5,0.0,H
Man United,Brighton,2022-08-07 00:00:00+00:00,3.0,0.5,A
West Ham,Man City,2022-08-07 00:00:00+00:00,0.5,0.0,A
Leicester,Brentford,2022-08-07 00:00:00+00:00,0.0,1.0,D
Brighton,Newcastle,2022-08-13 00:00:00+00:00,0.5,0.0,D
Aston Villa,Everton,2022-08-13 00:00:00+00:00,1.0,1.0,H
Arsenal,Leicester,2022-08-13 00:00:00+00:00,0.0,1.0,H
Southampton,Leeds,2022-08-13 00:00:00+00:00,0.5,0.5,D
Brentford,Man United,2022-08-13 00:00:00+00:00,0.5,0.0,H
Chelsea,Tottenham,2022-08-14 00:00:00+00:00,-0.5,1.0,D
Liverpool,Crystal Palace,2022-08-15 00:00:00+00:00,0.5,1.0,D
Tottenham,Wolves,2022-08-20 00:00:00+00:00,-1.5,0.5,H
Crystal Palace,Aston Villa,2022-08-20 00:00:00+00:00,-0.5,0.0,H
Leicester,Southampton,2022-08-20 00:00:00+00:00,1.5,0.5,A
West Ham,Brighton,2022-08-21 00:00:00+00:00,1.0,0.0,A
Leeds,Chelsea,2022-08-21 00:00:00+00:00,-1.0,0.0,H
Newcastle,Man City,2022-08-21 00:00:00+00:00,0.5,0.0,D
Man United,Liverpool,2022-08-22 00:00:00+00:00,-0.5,0.0,H
Southampton,Man United,2022-08-27 00:00:00+00:00,0.0,0.0,A
Brentford,Everton,2022-08-27 00:00:00+00:00,0.0,1.0,D
Brighton,Leeds,2022-08-27 00:00:00+00:00,0.0,0.0,H
Chelsea,Leicester,2022-08-27 00:00:00+00:00,-1.5,0.5,H
Man City,Crystal Palace,2022-08-27 00:00:00+00:00,-1.0,0.0,H
Aston Villa,West Ham,2022-08-28 00:00:00+00:00,-1.0,0.0,A
Wolves,Newcastle,2022-08-28 00:00:00+00:00,1.0,0.5,D
Crystal Palace,Brentford,2022-08-30 00:00:00+00:00,0.0,0.0,D
Leeds,Everton,2022-08-30 00:00:00+00:00,1.5,0.0,D
Southampton,Chelsea,2022-08-30 00:00:00+00:00,-2.0,0.0,H
West Ham,Tottenham,2022-08-31 00:00:00+00:00,1.5,0.5,D
Liverpool,Newcastle,2022-08-31 00:00:00+00:00,0.5,1.0,H
Arsenal,Aston Villa,2022-08-31 00:00:00+00:00,0.5,1.0,H
Leicester,Man United,2022-09-01 00:00:00+00:00,1.0,0.5,A
Everton,Liverpool,2022-09-03 00:00:00+00:00,-0.5,0.0,D
Brentford,Leeds,2022-09-03 00:00:00+00:00,-0.5,0.0,H
Chelsea,West Ham,2022-09-03 00:00:00+00:00,1.0,0.5,H
Newcastle,Crystal Palace,2022-09-03 00:00:00+00:00,0.5,0.5,D
Wolves,Southampton,2022-09-03 00:00:00+00:00,0.5,1.0,H
Aston Villa,Man City,2022-09-03 00:00:00+00:00,0.0,0.0,D
Brighton,Leicester,2022-09-04 00:00:00+00:00,0.5,0.5,H
Man United,Arsenal,2022-09-04 00:00:00+00:00,1.5,0.5,H
Aston Villa,Southampton,2022-09-16 00:00:00+00:00,2.5,0.5,H
Tottenham,Leicester,2022-09-17 00:00:00+00:00,0.5,1.0,H
Wolves,Man City,2022-09-17 00:00:00+00:00,-1.5,0.0,A
Brentford,Arsenal,2022-09-18 00:00:00+00:00,1.5,0.5,A
Everton,West Ham,2022-09-18 00:00:00+00:00,0.0,0.0,H
Arsenal,Tottenham,2022-10-01 00:00:00+00:00,2.5,0.5,H
Crystal Palace,Chelsea,2022-10-01 00:00:00+00:00,1.0,0.0,A
Liverpool,Brighton,2022-10-01 00:00:00+00:00,-1.0,0.5,D
Southampton,Everton,2022-10-01 00:00:00+00:00,2.0,0.5,A
West Ham,Wolves,2022-10-01 00:00:00+00:00,1.0,0.5,H
Man City,Man United,2022-10-02 00:00:00+00:00,0.5,1.0,H
Leeds,Aston Villa,2022-10-02 00:00:00+00:00,-1.5,0.0,D
Chelsea,Wolves,2022-10-08 00:00:00+00:00,0.0,0.0,H
Man City,Southampton,2022-10-08 00:00:00+00:00,0.0,0.0,H
Newcastle,Brentford,2022-10-08 00:00:00+00:00,-1.0,0.5,H
Brighton,Tottenham,2022-10-08 00:00:00+00:00,-1.5,0.5,A
Everton,Man United,2022-10-09 00:00:00+00:00,0.5,0.5,A
Arsenal,Liverpool,2022-10-09 00:00:00+00:00,1.0,0.0,H
Crystal Palace,Leeds,2022-10-09 00:00:00+00:00,0.5,0.0,H
Brentford,Brighton,2022-10-14 00:00:00+00:00,0.5,0.0,H
Tottenham,Everton,2022-10-15 00:00:00+00:00,2.5,0.5,H
Leicester,Crystal Palace,2022-10-15 00:00:00+00:00,0.5,0.5,D
Liverpool,Man City,2022-10-16 00:00:00+00:00,0.0,0.0,H
Southampton,West Ham,2022-10-16 00:00:00+00:00,-0.5,0.5,D
Aston Villa,Chelsea,2022-10-16 00:00:00+00:00,0.5,0.0,A
Leeds,Arsenal,2022-10-16 00:00:00+00:00,-1.0,0.0,A
Man United,Newcastle,2022-10-16 00:00:00+00:00,1.5,0.5,D
Crystal Palace,Wolves,2022-10-18 00:00:00+00:00,0.0,1.0,H
Brentford,Chelsea,2022-10-19 00:00:00+00:00,-2.0,0.5,D
Liverpool,West Ham,2022-10-19 00:00:00+00:00,1.0,0.5,H
Newcastle,Everton,2022-10-19 00:00:00+00:00,1.5,0.5,H
Man United,Tottenham,2022-10-19 00:00:00+00:00,-1.0,1.0,H
Leicester,Leeds,2022-10-20 00:00:00+00:00,0.5,0.5,H
Everton,Crystal Palace,2022-10-22 00:00:00+00:00,1.5,0.5,H
Man City,Brighton,2022-10-22 00:00:00+00:00,0.0,1.0,H
Chelsea,Man United,2022-10-22 00:00:00+00:00,0.0,0.0,D
Aston Villa,Brentford,2022-10-23 00:00:00+00:00,0.5,0.0,H
Wolves,Leicester,2022-10-23 00:00:00+00:00,1.0,0.5,A
Southampton,Arsenal,2022-10-23 00:00:00+00:00,2.0,0.5,D
Tottenham,Newcastle,2022-10-23 00:00:00+00:00,1.5,1.0,A
Crystal Palace,Southampton,2022-10-29 00:00:00+00:00,-0.5,0.5,H
Newcastle,Aston Villa,2022-10-29 00:00:00+00:00,1.5,0.5,H
Liverpool,Leeds,2022-10-29 00:00:00+00:00,1.5,1.0,A
Brighton,Chelsea,2022-10-29 00:00:00+00:00,0.0,0.0,H
Brentford,Wolves,2022-10-29 00:00:00+00:00,-1.5,0.5,D
Leicester,Man City,2022-10-29 00:00:00+00:00,1.0,0.0,A
Man United,West Ham,2022-10-30 00:00:00+00:00,0.0,1.0,H
Wolves,Brighton,2022-11-05 00:00:00+00:00,-2.0,0.5,A
Everton,Leicester,2022-11-05 00:00:00+00:00,-0.5,0.5,A
Tottenham,Liverpool,2022-11-06 00:00:00+00:00,0.0,0.0,A
West Ham,Crystal Palace,2022-11-06 00:00:00+00:00,-0.5,0.5,A
Chelsea,Arsenal,2022-11-06 00:00:00+00:00,-2.0,0.5,A
Aston Villa,Man United,2022-11-06 00:00:00+00:00,-0.5,0.5,H
Southampton,Newcastle,2022-11-06 00:00:00+00:00,-0.5,0.0,A
Man City,Brentford,2022-11-12 00:00:00+00:00,0.5,1.0,A
Tottenham,Leeds,2022-11-12 00:00:00+00:00,-1.5,1.0,H
Newcastle,Chelsea,2022-11-12 00:00:00+00:00,-1.0,0.0,H
Wolves,Arsenal,2022-11-12 00:00:00+00:00,0.0,0.0,A
West Ham,Leicester,2022-11-12 00:00:00+00:00,1.5,0.5,A
Liverpool,Southampton,2022-11-12 00:00:00+00:00,1.5,1.0,H
Brighton,Aston Villa,2022-11-13 00:00:00+00:00,0.0,0.0,A
Arsenal,West Ham,2022-12-26 00:00:00+00:00,0.5,1.0,H
Southampton,Brighton,2022-12-26 00:00:00+00:00,0.0,0.0,A
Leicester,Newcastle,2022-12-26 00:00:00+00:00,2.5,0.5,A
Aston Villa,Liverpool,2022-12-26 00:00:00+00:00,0.0,0.0,A
Brentford,Tottenham,2022-12-26 00:00:00+00:00,1.0,0.0,D
Everton,Wolves,2022-12-26 00:00:00+00:00,0.0,0.0,A
Leeds,Man City,2022-12-28 00:00:00+00:00,1.5,0.0,A
Liverpool,Leicester,2022-12-30 00:00:00+00:00,1.5,0.5,H
West Ham,Brentford,2022-12-30 00:00:00+00:00,0.5,0.0,A
Newcastle,Leeds,2022-12-31 00:00:00+00:00,-0.5,0.5,D
Wolves,Man United,2022-12-31 00:00:00+00:00,-1.0,0.5,A
Man City,Everton,2022-12-31 00:00:00+00:00,1.0,1.0,D
Brighton,Arsenal,2022-12-31 00:00:00+00:00,-0.5,0.5,A
Tottenham,Aston Villa,2023-01-01 00:00:00+00:00,-1.5,1.0,A
Brentford,Liverpool,2023-01-02 00:00:00+00:00,1.5,0.0,H
Arsenal,Newcastle,2023-01-03 00:00:00+00:00,2.0,0.5,D
Everton,Brighton,2023-01-03 00:00:00+00:00,-1.5,0.5,A
Aston Villa,Wolves,2023-01-04 00:00:00+00:00,0.0,0.0,D
Crystal Palace,Tottenham,2023-01-04 00:00:00+00:00,3.0,0.5,A
Leeds,West Ham,2023-01-04 00:00:00+00:00,-1.0,0.5,D
Chelsea,Man City,2023-01-05 00:00:00+00:00,0.0,0.0,A
Aston Villa,Leeds,2023-01-13 00:00:00+00:00,-1.0,0.3333333333333333,H
Everton,Southampton,2023-01-14 00:00:00+00:00,1.0,0.6666666666666666,A
Man United,Man City,2023-01-14 00:00:00+00:00,1.3333333333333333,0.0,H
Brighton,Liverpool,2023-01-14 00:00:00+00:00,-0.6666666666666666,0.0,H
Wolves,West Ham,2023-01-14 00:00:00+00:00,1.3333333333333333,0.3333333333333333,H
Chelsea,Crystal Palace,2023-01-15 00:00:00+00:00,0.3333333333333333,1.0,H
Tottenham,Arsenal,2023-01-15 00:00:00+00:00,2.3333333333333335,0.3333333333333333,A
Crystal Palace,Man United,2023-01-18 00:00:00+00:00,1.0,0.5,D
Man City,Tottenham,2023-01-19 00:00:00+00:00,0.0,0.0,H
Leicester,Brighton,2023-01-21 00:00:00+00:00,1.3333333333333333,0.0,D
Liverpool,Chelsea,2023-01-21 00:00:00+00:00,0.0,0.0,D
West Ham,Everton,2023-01-21 00:00:00+00:00,0.3333333333333333,0.6666666666666666,H
Crystal Palace,Newcastle,2023-01-21 00:00:00+00:00,0.3333333333333333,0.0,D
Southampton,Aston Villa,2023-01-21 00:00:00+00:00,2.0,0.3333333333333333,A
Leeds,Brentford,2023-01-22 00:00:00+00:00,0.6666666666666666,0.3333333333333333,D
Man City,Wolves,2023-01-22 00:00:00+00:00,-2.0,1.0,H
Arsenal,Man United,2023-01-22 00:00:00+00:00,1.6666666666666667,0.3333333333333333,H
Brentford,Southampton,2023-02-04 00:00:00+00:00,3.0,0.5,H
Everton,Arsenal,2023-02-04 00:00:00+00:00,2.5,0.5,H
Aston Villa,Leicester,2023-02-04 00:00:00+00:00,0.5,0.5,A
Man United,Crystal Palace,2023-02-04 00:00:00+00:00,0.6666666666666666,0.3333333333333333,H
Wolves,Liverpool,2023-02-04 00:00:00+00:00,0.5,0.0,H
Newcastle,West Ham,2023-02-04 00:00:00+00:00,-1.0,0.0,D
Tottenham,Man City,2023-02-05 00:00:00+00:00,0.6666666666666666,0.6666666666666666,H
Man United,Leeds,2023-02-08 00:00:00+00:00,1.0,1.0,D
Leicester,Tottenham,2023-02-11 00:00:00+00:00,1.6666666666666667,0.0,H
West Ham,Chelsea,2023-02-11 00:00:00+00:00,1.0,0.3333333333333333,D
Arsenal,Brentford,2023-02-11 00:00:00+00:00,0.0,0.6666666666666666,D
Southampton,Wolves,2023-02-11 00:00:00+00:00,0.6666666666666666,0.0,A
Crystal Palace,Brighton,2023-02-11 00:00:00+00:00,0.0,0.0,D
Man City,Aston Villa,2023-02-12 00:00:00+00:00,0.0,0.6666666666666666,H
Leeds,Man United,2023-02-12 00:00:00+00:00,0.6666666666666666,0.0,A
Liverpool,Everton,2023-02-13 00:00:00+00:00,-0.3333333333333333,0.6666666666666666,H
Arsenal,Man City,2023-02-15 00:00:00+00:00,2.0,0.0,A
Aston Villa,Arsenal,2023-02-18 00:00:00+00:00,0.6666666666666666,0.0,A
Brentford,Crystal Palace,2023-02-18 00:00:00+00:00,0.0,0.0,D
Chelsea,Southampton,2023-02-18 00:00:00+00:00,-1.0,0.6666666666666666,A
Everton,Leeds,2023-02-18 00:00:00+00:00,1.0,0.3333333333333333,H
Newcastle,Liverpool,2023-02-18 00:00:00+00:00,0.6666666666666666,0.0,A
Man United,Leicester,2023-02-19 00:00:00+00:00,0.3333333333333333,0.3333333333333333,H
Tottenham,West Ham,2023-02-19 00:00:00+00:00,1.0,0.3333333333333333,H
Everton,Aston Villa,2023-02-25 00:00:00+00:00,1.0,0.0,A
Leeds,Southampton,2023-02-25 00:00:00+00:00,0.3333333333333333,0.0,H
Leicester,Arsenal,2023-02-25 00:00:00+00:00,0.6666666666666666,0.0,A
Crystal Palace,Liverpool,2023-02-25 00:00:00+00:00,0.3333333333333333,0.0,D
Tottenham,Chelsea,2023-02-26 00:00:00+00:00,-0.3333333333333333,0.0,H
Arsenal,Everton,2023-03-01 00:00:00+00:00,2.0,0.3333333333333333,H
Liverpool,Wolves,2023-03-01 00:00:00+00:00,1.3333333333333333,0.6666666666666666,H
Brighton,West Ham,2023-03-04 00:00:00+00:00,0.0,0.6666666666666666,H
Aston Villa,Crystal Palace,2023-03-04 00:00:00+00:00,0.3333333333333333,0.3333333333333333,H
Man City,Newcastle,2023-03-04 00:00:00+00:00,0.3333333333333333,0.6666666666666666,H
Southampton,Leicester,2023-03-04 00:00:00+00:00,0.6666666666666666,0.3333333333333333,H
Wolves,Tottenham,2023-03-04 00:00:00+00:00,-0.6666666666666666,0.3333333333333333,H
Chelsea,Leeds,2023-03-04 00:00:00+00:00,0.3333333333333333,0.6666666666666666,H
Liverpool,Man United,2023-03-05 00:00:00+00:00,0.0,0.6666666666666666,H
Leeds,Brighton,2023-03-11 00:00:00+00:00,0.3333333333333333,0.0,D
Everton,Brentford,2023-03-11 00:00:00+00:00,0.0,0.0,H
Leicester,Chelsea,2023-03-11 00:00:00+00:00,-0.6666666666666666,0.0,A
Crystal Palace,Man City,2023-03-11 00:00:00+00:00,0.0,0.3333333333333333,A
Man United,Southampton,2023-03-12 00:00:00+00:00,-0.3333333333333333,0.3333333333333333,D
West Ham,Aston Villa,2023-03-12 00:00:00+00:00,-1.0,1.0,D
Newcastle,Wolves,2023-03-12 00:00:00+00:00,0.6666666666666666,0.3333333333333333,H
Southampton,Brentford,2023-03-15 00:00:00+00:00,3.0,0.3333333333333333,A
Brighton,Crystal Palace,2023-03-15 00:00:00+00:00,0.0,0.0,H
Brentford,Leicester,2023-03-18 00:00:00+00:00,0.0,0.0,D
Chelsea,Everton,2023-03-18 00:00:00+00:00,0.0,0.3333333333333333,D
Southampton,Tottenham,2023-03-18 00:00:00+00:00,0.6666666666666666,0.3333333333333333,D
Wolves,Leeds,2023-03-18 00:00:00+00:00,0.0,0.0,A
Arsenal,Crystal Palace,2023-03-19 00:00:00+00:00,0.3333333333333333,0.3333333333333333,H
Man City,Liverpool,2023-04-01 00:00:00+00:00,0.3333333333333333,0.0,H
Arsenal,Leeds,2023-04-01 00:00:00+00:00,-1.0,1.0,H
Brighton,Brentford,2023-04-01 00:00:00+00:00,1.0,0.6666666666666666,D
Crystal Palace,Leicester,2023-04-01 00:00:00+00:00,0.3333333333333333,0.0,H
Chelsea,Aston Villa,2023-04-01 00:00:00+00:00,-0.3333333333333333,1.0,A
Newcastle,Man United,2023-04-02 00:00:00+00:00,1.0,0.0,H
West Ham,Southampton,2023-04-02 00:00:00+00:00,-0.3333333333333333,0.0,H
Everton,Tottenham,2023-04-03 00:00:00+00:00,2.3333333333333335,0.0,D
Chelsea,Liverpool,2023-04-04 00:00:00+00:00,0.0,0.0,D
Leicester,Aston Villa,2023-04-04 00:00:00+00:00,-0.3333333333333333,0.3333333333333333,A
Man United,Brentford,2023-04-05 00:00:00+00:00,1.6666666666666667,0.6666666666666666,H
West Ham,Newcastle,2023-04-05 00:00:00+00:00,-0.6666666666666666,0.3333333333333333,A
Brentford,Newcastle,2023-04-08 00:00:00+00:00,0.6666666666666666,0.0,A
Man United,Everton,2023-04-08 00:00:00+00:00,0.0,0.3333333333333333,H
Wolves,Chelsea,2023-04-08 00:00:00+00:00,1.0,0.0,H
Southampton,Man City,2023-04-08 00:00:00+00:00,1.3333333333333333,0.0,A
Tottenham,Brighton,2023-04-08 00:00:00+00:00,-1.3333333333333333,0.6666666666666666,H
Leeds,Crystal Palace,2023-04-09 00:00:00+00:00,0.6666666666666666,0.3333333333333333,A
Liverpool,Arsenal,2023-04-09 00:00:00+00:00,1.0,0.6666666666666666,D
Aston Villa,Newcastle,2023-04-15 00:00:00+00:00,2.3333333333333335,0.3333333333333333,H
Wolves,Brentford,2023-04-15 00:00:00+00:00,-1.0,0.3333333333333333,H
Chelsea,Brighton,2023-04-15 00:00:00+00:00,1.0,0.0,A
Man City,Leicester,2023-04-15 00:00:00+00:00,0.3333333333333333,1.0,H
Southampton,Crystal Palace,2023-04-15 00:00:00+00:00,0.0,0.0,A
West Ham,Arsenal,2023-04-16 00:00:00+00:00,1.0,0.0,D
Leeds,Liverpool,2023-04-17 00:00:00+00:00,0.6666666666666666,0.3333333333333333,A
Arsenal,Southampton,2023-04-21 00:00:00+00:00,1.3333333333333333,0.3333333333333333,D
Brentford,Aston Villa,2023-04-22 00:00:00+00:00,1.6666666666666667,0.3333333333333333,D
Crystal Palace,Everton,2023-04-22 00:00:00+00:00,2.0,0.3333333333333333,D
Leicester,Wolves,2023-04-22 00:00:00+00:00,-0.6666666666666666,0.6666666666666666,H
Newcastle,Tottenham,2023-04-23 00:00:00+00:00,0.6666666666666666,0.3333333333333333,H
Leeds,Leicester,2023-04-25 00:00:00+00:00,1.0,0.0,D
Wolves,Crystal Palace,2023-04-25 00:00:00+00:00,0.3333333333333333,0.0,H
Chelsea,Brentford,2023-04-26 00:00:00+00:00,-1.3333333333333333,0.3333333333333333,A
West Ham,Liverpool,2023-04-26 00:00:00+00:00,1.0,0.3333333333333333,A
Man City,Arsenal,2023-04-26 00:00:00+00:00,0.6666666666666666,1.0,H
Tottenham,Man United,2023-04-27 00:00:00+00:00,0.0,0.0,D
Everton,Newcastle,2023-04-27 00:00:00+00:00,1.3333333333333333,0.3333333333333333,A
Crystal Palace,West Ham,2023-04-29 00:00:00+00:00,-0.6666666666666666,0.3333333333333333,H
Brighton,Wolves,2023-04-29 00:00:00+00:00,-1.6666666666666667,0.6666666666666666,H
Man United,Aston Villa,2023-04-30 00:00:00+00:00,0.3333333333333333,0.0,H
Newcastle,Southampton,2023-04-30 00:00:00+00:00,-1.3333333333333333,0.6666666666666666,H
Liverpool,Tottenham,2023-04-30 00:00:00+00:00,-0.3333333333333333,0.3333333333333333,H
Leicester,Everton,2023-05-01 00:00:00+00:00,-1.0,0.3333333333333333,D
Arsenal,Chelsea,2023-05-02 00:00:00+00:00,-1.6666666666666667,0.6666666666666666,H
Man City,West Ham,2023-05-03 00:00:00+00:00,-0.3333333333333333,0.6666666666666666,H
Brighton,Man United,2023-05-04 00:00:00+00:00,1.6666666666666667,0.6666666666666666,H
Man City,Leeds,2023-05-06 00:00:00+00:00,0.3333333333333333,1.0,H
Tottenham,Crystal Palace,2023-05-06 00:00:00+00:00,0.6666666666666666,0.6666666666666666,H
Wolves,Aston Villa,2023-05-06 00:00:00+00:00,0.0,0.6666666666666666,H
Liverpool,Brentford,2023-05-06 00:00:00+00:00,1.6666666666666667,0.3333333333333333,H
West Ham,Man United,2023-05-07 00:00:00+00:00,0.3333333333333333,0.0,H
Newcastle,Arsenal,2023-05-07 00:00:00+00:00,1.3333333333333333,0.3333333333333333,A
Brighton,Everton,2023-05-08 00:00:00+00:00,-2.0,0.6666666666666666,A
Leeds,Newcastle,2023-05-13 00:00:00+00:00,-0.3333333333333333,0.0,D
Man United,Wolves,2023-05-13 00:00:00+00:00,-1.0,0.6666666666666666,H
Aston Villa,Tottenham,2023-05-13 00:00:00+00:00,-1.6666666666666667,0.3333333333333333,H
Everton,Man City,2023-05-14 00:00:00+00:00,0.6666666666666666,0.0,A
Arsenal,Brighton,2023-05-14 00:00:00+00:00,-1.0,0.3333333333333333,A
Brentford,West Ham,2023-05-14 00:00:00+00:00,-0.3333333333333333,1.0,H
Leicester,Liverpool,2023-05-15 00:00:00+00:00,1.3333333333333333,0.3333333333333333,A
Newcastle,Brighton,2023-05-18 00:00:00+00:00,0.3333333333333333,0.3333333333333333,H
Wolves,Everton,2023-05-20 00:00:00+00:00,-0.3333333333333333,1.0,D
Liverpool,Aston Villa,2023-05-20 00:00:00+00:00,-0.6666666666666666,1.0,D
Tottenham,Brentford,2023-05-20 00:00:00+00:00,0.6666666666666666,0.3333333333333333,A
Man City,Chelsea,2023-05-21 00:00:00+00:00,-0.3333333333333333,1.0,H
West Ham,Leeds,2023-05-21 00:00:00+00:00,-0.6666666666666666,0.3333333333333333,H
Brighton,Southampton,2023-05-21 00:00:00+00:00,-0.6666666666666666,0.3333333333333333,H
Newcastle,Leicester,2023-05-22 00:00:00+00:00,0.6666666666666666,0.6666666666666666,D
Brighton,Man City,2023-05-24 00:00:00+00:00,0.6666666666666666,0.0,D
Man United,Chelsea,2023-05-25 00:00:00+00:00,0.0,0.0,H
Leicester,West Ham,2023-05-28 00:00:00+00:00,0.3333333333333333,0.3333333333333333,H
Leeds,Tottenham,2023-05-28 00:00:00+00:00,-0.6666666666666666,0.0,A
Brentford,Man City,2023-05-28 00:00:00+00:00,0.0,0.3333333333333333,H
Aston Villa,Brighton,2023-05-28 00:00:00+00:00,-0.3333333333333333,1.0,H
Arsenal,Wolves,2023-05-28 00:00:00+00:00,-0.6666666666666666,1.0,H
Chelsea,Newcastle,2023-05-28 00:00:00+00:00,-0.3333333333333333,0.6666666666666666,D
Southampton,Liverpool,2023-05-28 00:00:00+00:00,1.6666666666666667,0.0,D
Burnley,Man City,2023-08-11 00:00:00+00:00,0.0,0.0,A
Newcastle,Aston Villa,2023-08-12 00:00:00+00:00,2.5,0.5,H
Everton,Fulham,2023-08-12 00:00:00+00:00,-1.0,0.0,A
Bournemouth,West Ham,2023-08-12 00:00:00+00:00,-1.0,0.0,D
Arsenal,Nott'm Forest,2023-08-12 00:00:00+00:00,3.0,0.5,H
Brentford,Tottenham,2023-08-13 00:00:00+00:00,0.0,0.25,D
Chelsea,Liverpool,2023-08-13 00:00:00+00:00,0.0,0.0,D
Man United,Wolves,2023-08-14 00:00:00+00:00,-0.25,0.75,H
Liverpool,Bournemouth,2023-08-19 00:00:00+00:00,5.0,0.5,H
Fulham,Brentford,2023-08-19 00:00:00+00:00,1.0,0.5,A
Tottenham,Man United,2023-08-19 00:00:00+00:00,0.0,0.0,H
Man City,Newcastle,2023-08-19 00:00:00+00:00,0.75,0.75,H
Wolves,Brighton,2023-08-19 00:00:00+00:00,0.25,0.25,A
Aston Villa,Everton,2023-08-20 00:00:00+00:00,0.25,1.0,H
West Ham,Chelsea,2023-08-20 00:00:00+00:00,0.75,0.25,H
Crystal Palace,Arsenal,2023-08-21 00:00:00+00:00,1.0,0.25,A
Bournemouth,Tottenham,2023-08-26 00:00:00+00:00,-1.0,0.5,A
Everton,Wolves,2023-08-26 00:00:00+00:00,-0.25,0.0,A
Arsenal,Fulham,2023-08-26 00:00:00+00:00,-1.0,1.0,D
Brentford,Crystal Palace,2023-08-26 00:00:00+00:00,0.0,0.0,D
Brighton,West Ham,2023-08-26 00:00:00+00:00,1.0,0.75,A
Man United,Nott'm Forest,2023-08-26 00:00:00+00:00,0.5,1.0,H
Burnley,Aston Villa,2023-08-27 00:00:00+00:00,-1.0,0.0,A
Newcastle,Liverpool,2023-08-27 00:00:00+00:00,0.0,0.0,A
Brentford,Bournemouth,2023-09-02 00:00:00+00:00,1.0,0.5,D
Burnley,Tottenham,2023-09-02 00:00:00+00:00,1.0,0.5,A
Chelsea,Nott'm Forest,2023-09-02 00:00:00+00:00,0.0,0.0,A
Man City,Fulham,2023-09-02 00:00:00+00:00,0.0,1.0,H
Brighton,Newcastle,2023-09-02 00:00:00+00:00,1.0,0.0,H
Crystal Palace,Wolves,2023-09-03 00:00:00+00:00,0.75,0.75,H
Liverpool,Aston Villa,2023-09-03 00:00:00+00:00,-0.5,0.75,H
Arsenal,Man United,2023-09-03 00:00:00+00:00,1.5,0.5,H
Aston Villa,Crystal Palace,2023-09-16 00:00:00+00:00,0.5,0.5,H
West Ham,Man City,2023-09-16 00:00:00+00:00,0.5,0.0,A
Wolves,Liverpool,2023-09-16 00:00:00+00:00,1.5,0.25,A
Newcastle,Brentford,2023-09-16 00:00:00+00:00,0.25,0.75,H
Man United,Brighton,2023-09-16 00:00:00+00:00,1.5,0.25,A
Bournemouth,Chelsea,2023-09-17 00:00:00+00:00,0.0,0.0,D
Everton,Arsenal,2023-09-17 00:00:00+00:00,2.5,0.5,A
Burnley,Man United,2023-09-23 00:00:00+00:00,1.0,0.0,A
Man City,Nott'm Forest,2023-09-23 00:00:00+00:00,3.0,0.5,H
Brentford,Everton,2023-09-23 00:00:00+00:00,0.25,0.5,A
Crystal Palace,Fulham,2023-09-23 00:00:00+00:00,-1.5,0.0,D
Chelsea,Aston Villa,2023-09-24 00:00:00+00:00,-0.75,0.75,A
Arsenal,Tottenham,2023-09-24 00:00:00+00:00,1.25,0.75,D
Brighton,Bournemouth,2023-09-24 00:00:00+00:00,-0.5,1.0,H
Liverpool,West Ham,2023-09-24 00:00:00+00:00,0.5,0.75,H
Aston Villa,Brighton,2023-09-30 00:00:00+00:00,0.0,1.0,H
Wolves,Man City,2023-09-30 00:00:00+00:00,-0.75,0.0,H
Bournemouth,Arsenal,2023-09-30 00:00:00+00:00,-1.0,0.0,A
Man United,Crystal Palace,2023-09-30 00:00:00+00:00,0.75,0.5,A
Newcastle,Burnley,2023-09-30 00:00:00+00:00,0.0,1.0,H
Tottenham,Liverpool,2023-09-30 00:00:00+00:00,0.0,0.0,H
Nott'm Forest,Brentford,2023-10-01 00:00:00+00:00,0.5,0.0,D
Fulham,Chelsea,2023-10-02 00:00:00+00:00,0.5,0.5,A
Crystal Palace,Nott'm Forest,2023-10-07 00:00:00+00:00,0.5,0.0,D
Man United,Brentford,2023-10-07 00:00:00+00:00,1.5,0.75,H
Burnley,Chelsea,2023-10-07 00:00:00+00:00,-2.0,0.0,A
Everton,Bournemouth,2023-10-07 00:00:00+00:00,2.0,0.5,H
Wolves,Aston Villa,2023-10-08 00:00:00+00:00,0.25,0.75,D
Arsenal,Man City,2023-10-08 00:00:00+00:00,1.25,0.0,H
West Ham,Newcastle,2023-10-08 00:00:00+00:00,-1.5,0.25,D
Brighton,Liverpool,2023-10-08 00:00:00+00:00,0.25,0.25,D
Newcastle,Crystal Palace,2023-10-21 00:00:00+00:00,0.25,0.25,H
Chelsea,Arsenal,2023-10-21 00:00:00+00:00,-0.75,0.25,D
Man City,Brighton,2023-10-21 00:00:00+00:00,0.5,0.75,H
Bournemouth,Wolves,2023-10-21 00:00:00+00:00,-0.5,0.5,A
Liverpool,Everton,2023-10-21 00:00:00+00:00,0.25,0.75,H
Brentford,Burnley,2023-10-21 00:00:00+00:00,2.0,0.5,H
Aston Villa,West Ham,2023-10-22 00:00:00+00:00,-0.75,0.0,H
Tottenham,Fulham,2023-10-23 00:00:00+00:00,0.0,1.0,H
Crystal Palace,Tottenham,2023-10-27 00:00:00+00:00,0.75,0.25,A
Wolves,Newcastle,2023-10-28 00:00:00+00:00,0.75,0.25,D
Chelsea,Brentford,2023-10-28 00:00:00+00:00,-1.5,0.25,A
West Ham,Everton,2023-10-29 00:00:00+00:00,0.75,0.75,A
Man United,Man City,2023-10-29 00:00:00+00:00,1.25,0.25,A
Liverpool,Nott'm Forest,2023-10-29 00:00:00+00:00,1.0,0.5,H
Brighton,Fulham,2023-10-29 00:00:00+00:00,0.0,0.0,D
Newcastle,Arsenal,2023-11-04 00:00:00+00:00,0.5,0.25,H
Fulham,Man United,2023-11-04 00:00:00+00:00,0.0,0.0,A
Everton,Brighton,2023-11-04 00:00:00+00:00,-2.5,0.5,D
Burnley,Crystal Palace,2023-11-04 00:00:00+00:00,0.0,0.0,A
Brentford,West Ham,2023-11-04 00:00:00+00:00,0.25,1.0,H
Man City,Bournemouth,2023-11-04 00:00:00+00:00,0.5,1.0,H
Nott'm Forest,Aston Villa,2023-11-05 00:00:00+00:00,1.0,0.0,H
Tottenham,Chelsea,2023-11-06 00:00:00+00:00,0.25,0.25,A
Wolves,Tottenham,2023-11-11 00:00:00+00:00,-0.25,0.5,H
Arsenal,Burnley,2023-11-11 00:00:00+00:00,-0.5,0.5,H
Crystal Palace,Everton,2023-11-11 00:00:00+00:00,1.5,0.25,A
Bournemouth,Newcastle,2023-11-11 00:00:00+00:00,0.0,0.0,H
Aston Villa,Fulham,2023-11-12 00:00:00+00:00,2.0,0.5,H
Liverpool,Brentford,2023-11-12 00:00:00+00:00,1.5,0.5,H
West Ham,Nott'm Forest,2023-11-12 00:00:00+00:00,2.5,0.5,H
Chelsea,Man City,2023-11-12 00:00:00+00:00,0.0,0.0,D
Man City,Liverpool,2023-11-25 00:00:00+00:00,1.0,0.25,D
Newcastle,Chelsea,2023-11-25 00:00:00+00:00,-0.25,0.25,H
Burnley,West Ham,2023-11-25 00:00:00+00:00,0.0,0.0,A
Nott'm Forest,Brighton,2023-11-25 00:00:00+00:00,1.0,0.5,A
Brentford,Arsenal,2023-11-25 00:00:00+00:00,0.0,0.25,A
Tottenham,Aston Villa,2023-11-26 00:00:00+00:00,-1.0,0.5,A
Everton,Man United,2023-11-26 00:00:00+00:00,0.5,0.25,A
Fulham,Wolves,2023-11-27 00:00:00+00:00,0.0,0.0,H
Newcastle,Man United,2023-12-02 00:00:00+00:00,1.25,0.25,H
Nott'm Forest,Everton,2023-12-02 00:00:00+00:00,0.0,0.0,A
Arsenal,Wolves,2023-12-02 00:00:00+00:00,0.75,1.0,H
Man City,Tottenham,2023-12-03 00:00:00+00:00,0.75,0.25,D
Bournemouth,Aston Villa,2023-12-03 00:00:00+00:00,2.5,0.5,D
Liverpool,Fulham,2023-12-03 00:00:00+00:00,0.5,0.5,H
Chelsea,Brighton,2023-12-03 00:00:00+00:00,0.5,0.0,H
West Ham,Crystal Palace,2023-12-03 00:00:00+00:00,-0.25,0.25,D
Wolves,Burnley,2023-12-05 00:00:00+00:00,0.5,0.0,H
Man United,Chelsea,2023-12-06 00:00:00+00:00,0.75,0.25,H
Aston Villa,Man City,2023-12-06 00:00:00+00:00,0.5,0.0,H
Fulham,Nott'm Forest,2023-12-06 00:00:00+00:00,0.5,1.0,H
Crystal Palace,Bournemouth,2023-12-06 00:00:00+00:00,0.0,1.0,A
Brighton,Brentford,2023-12-06 00:00:00+00:00,0.75,0.5,H
Tottenham,West Ham,2023-12-07 00:00:00+00:00,1.25,0.5,A
Everton,Newcastle,2023-12-07 00:00:00+00:00,0.25,0.25,H
Aston Villa,Arsenal,2023-12-09 00:00:00+00:00,0.0,0.0,H
Wolves,Nott'm Forest,2023-12-09 00:00:00+00:00,0.5,0.5,D
Crystal Palace,Liverpool,2023-12-09 00:00:00+00:00,0.25,0.0,A
Brighton,Burnley,2023-12-09 00:00:00+00:00,-2.0,0.5,D
Man United,Bournemouth,2023-12-09 00:00:00+00:00,1.0,1.0,A
Tottenham,Newcastle,2023-12-10 00:00:00+00:00,1.75,0.5,H
Fulham,West Ham,2023-12-10 00:00:00+00:00,0.5,0.0,H
Everton,Chelsea,2023-12-10 00:00:00+00:00,0.0,0.25,H
Nott'm Forest,Tottenham,2023-12-15 00:00:00+00:00,0.0,0.0,A
Burnley,Everton,2023-12-16 00:00:00+00:00,1.5,0.5,A
Man City,Crystal Palace,2023-12-16 00:00:00+00:00,-0.25,0.5,D
Newcastle,Fulham,2023-12-16 00:00:00+00:00,-1.0,1.0,H
West Ham,Wolves,2023-12-17 00:00:00+00:00,1.25,0.5,H
Arsenal,Brighton,2023-12-17 00:00:00+00:00,-1.5,0.25,H
Liverpool,Man United,2023-12-17 00:00:00+00:00,1.75,0.75,D
Brentford,Aston Villa,2023-12-17 00:00:00+00:00,1.25,0.25,A
Crystal Palace,Brighton,2023-12-21 00:00:00+00:00,0.25,0.0,D
West Ham,Man United,2023-12-23 00:00:00+00:00,0.5,0.25,H
Nott'm Forest,Bournemouth,2023-12-23 00:00:00+00:00,-0.5,0.0,A
Tottenham,Everton,2023-12-23 00:00:00+00:00,1.75,0.5,H
Liverpool,Arsenal,2023-12-23 00:00:00+00:00,0.75,0.5,D
Wolves,Chelsea,2023-12-24 00:00:00+00:00,1.0,0.25,H
Man United,Aston Villa,2023-12-26 00:00:00+00:00,0.5,0.25,H
Burnley,Liverpool,2023-12-26 00:00:00+00:00,0.5,0.0,A
Newcastle,Nott'm Forest,2023-12-26 00:00:00+00:00,0.5,1.0,A
Bournemouth,Fulham,2023-12-26 00:00:00+00:00,0.5,0.5,H
Brentford,Wolves,2023-12-27 00:00:00+00:00,-0.25,0.25,A
Chelsea,Crystal Palace,2023-12-27 00:00:00+00:00,0.5,1.0,H
Everton,Man City,2023-12-27 00:00:00+00:00,-0.25,0.0,A
Arsenal,West Ham,2023-12-28 00:00:00+00:00,0.75,0.75,A
Brighton,Tottenham,2023-12-28 00:00:00+00:00,-0.75,0.25,H
Aston Villa,Burnley,2023-12-30 00:00:00+00:00,-1.3333333333333333,0.6666666666666666,H
Nott'm Forest,Man United,2023-12-30 00:00:00+00:00,0.6666666666666666,0.0,H
Crystal Palace,Brentford,2023-12-30 00:00:00+00:00,0.0,0.0,H
Wolves,Everton,2023-12-30 00:00:00+00:00,-0.4,0.8,H
Fulham,Arsenal,2023-12-31 00:00:00+00:00,-0.6666666666666666,0.0,H
Tottenham,Bournemouth,2023-12-31 00:00:00+00:00,-1.3333333333333333,0.6666666666666666,H
Liverpool,Newcastle,2024-01-01 00:00:00+00:00,-0.2,1.0,H
West Ham,Brighton,2024-01-02 00:00:00+00:00,0.4,0.2,D
Chelsea,Fulham,2024-01-13 00:00:00+00:00,-0.3333333333333333,0.3333333333333333,H
Newcastle,Man City,2024-01-13 00:00:00+00:00,0.8,0.0,A
Everton,Aston Villa,2024-01-14 00:00:00+00:00,1.0,0.0,D
Man United,Tottenham,2024-01-14 00:00:00+00:00,0.4,0.6,D
Arsenal,Crystal Palace,2024-01-20 00:00:00+00:00,0.6,0.6,H
Brentford,Nott'm Forest,2024-01-20 00:00:00+00:00,0.3333333333333333,0.3333333333333333,H
Bournemouth,Liverpool,2024-01-21 00:00:00+00:00,4.0,0.3333333333333333,A
Brighton,Wolves,2024-01-22 00:00:00+00:00,-0.4,0.8,D
Nott'm Forest,Arsenal,2024-01-30 00:00:00+00:00,2.3333333333333335,0.3333333333333333,A
Fulham,Everton,2024-01-30 00:00:00+00:00,-1.0,0.6666666666666666,D
Aston Villa,Newcastle,2024-01-30 00:00:00+00:00,2.8,0.4,A
Tottenham,Brentford,2024-01-31 00:00:00+00:00,0.0,0.2,H
Man City,Burnley,2024-01-31 00:00:00+00:00,-1.0,1.0,H
Liverpool,Chelsea,2024-01-31 00:00:00+00:00,0.0,0.0,H
West Ham,Bournemouth,2024-02-01 00:00:00+00:00,-0.6666666666666666,0.6666666666666666,D
Wolves,Man United,2024-02-01 00:00:00+00:00,0.0,0.2,A
Everton,Tottenham,2024-02-03 00:00:00+00:00,1.6,0.0,D
Brighton,Crystal Palace,2024-02-03 00:00:00+00:00,0.2,0.2,H
Man United,West Ham,2024-02-04 00:00:00+00:00,0.8,0.6,H
Chelsea,Wolves,2024-02-04 00:00:00+00:00,1.0,0.2,A
Arsenal,Liverpool,2024-02-04 00:00:00+00:00,0.6,0.2,H
Bournemouth,Nott'm Forest,2024-02-04 00:00:00+00:00,-0.6666666666666666,0.6666666666666666,D
Brentford,Man City,2024-02-05 00:00:00+00:00,0.25,0.5,A
Nott'm Forest,Newcastle,2024-02-10 00:00:00+00:00,-0.3333333333333333,0.3333333333333333,A
Man City,Everton,2024-02-10 00:00:00+00:00,-0.6,0.8,H
Fulham,Bournemouth,2024-02-10 00:00:00+00:00,1.3333333333333333,0.0,H
Liverpool,Burnley,2024-02-10 00:00:00+00:00,-0.3333333333333333,1.0,H
Tottenham,Brighton,2024-02-10 00:00:00+00:00,-0.2,0.6,H
Wolves,Brentford,2024-02-10 00:00:00+00:00,-0.8,0.6,A
Aston Villa,Man United,2024-02-11 00:00:00+00:00,0.6,0.4,A
West Ham,Arsenal,2024-02-11 00:00:00+00:00,0.2,0.2,A
Crystal Palace,Chelsea,2024-02-12 00:00:00+00:00,0.6,0.0,A
Nott'm Forest,West Ham,2024-02-17 00:00:00+00:00,2.0,0.3333333333333333,H
Burnley,Arsenal,2024-02-17 00:00:00+00:00,0.3333333333333333,0.0,A
Fulham,Aston Villa,2024-02-17 00:00:00+00:00,2.0,0.3333333333333333,A
Man City,Chelsea,2024-02-17 00:00:00+00:00,0.0,0.8,D
Brentford,Liverpool,2024-02-17 00:00:00+00:00,1.8,0.2,A
Newcastle,Bournemouth,2024-02-17 00:00:00+00:00,0.6666666666666666,0.0,D
Tottenham,Wolves,2024-02-17 00:00:00+00:00,0.0,0.4,A
Everton,Crystal Palace,2024-02-19 00:00:00+00:00,1.0,0.6,D
Man City,Brentford,2024-02-20 00:00:00+00:00,-0.2,0.6,H
Man United,Fulham,2024-02-24 00:00:00+00:00,-0.3333333333333333,1.0,A
Aston Villa,Nott'm Forest,2024-02-24 00:00:00+00:00,1.3333333333333333,0.3333333333333333,H
Brighton,Everton,2024-02-24 00:00:00+00:00,-2.0,0.4,D
Crystal Palace,Burnley,2024-02-24 00:00:00+00:00,-0.6666666666666666,0.3333333333333333,H
Bournemouth,Man City,2024-02-24 00:00:00+00:00,2.0,0.0,A
Arsenal,Newcastle,2024-02-24 00:00:00+00:00,0.6,0.4,H
West Ham,Brentford,2024-02-26 00:00:00+00:00,0.4,0.0,H
Brentford,Chelsea,2024-03-02 00:00:00+00:00,-1.6,0.6,D
Fulham,Brighton,2024-03-02 00:00:00+00:00,0.0,0.6666666666666666,H
Newcastle,Wolves,2024-03-02 00:00:00+00:00,0.6,0.4,H
Tottenham,Crystal Palace,2024-03-02 00:00:00+00:00,0.4,0.8,H
Nott'm Forest,Liverpool,2024-03-02 00:00:00+00:00,1.6666666666666667,0.3333333333333333,A
Everton,West Ham,2024-03-02 00:00:00+00:00,0.4,0.4,A
Man City,Man United,2024-03-03 00:00:00+00:00,0.4,0.8,H
Man United,Everton,2024-03-09 00:00:00+00:00,-0.2,0.6,H
Wolves,Fulham,2024-03-09 00:00:00+00:00,0.3333333333333333,0.0,H
Arsenal,Brentford,2024-03-09 00:00:00+00:00,-0.2,0.6,H
West Ham,Burnley,2024-03-10 00:00:00+00:00,-0.3333333333333333,0.3333333333333333,D
Liverpool,Man City,2024-03-10 00:00:00+00:00,0.8,0.2,D
Brighton,Nott'm Forest,2024-03-10 00:00:00+00:00,0.3333333333333333,0.3333333333333333,H
Aston Villa,Tottenham,2024-03-10 00:00:00+00:00,-1.0,0.6,A
Chelsea,Newcastle,2024-03-11 00:00:00+00:00,0.4,0.4,H
Burnley,Brentford,2024-03-16 00:00:00+00:00,2.3333333333333335,0.3333333333333333,H
Fulham,Tottenham,2024-03-16 00:00:00+00:00,0.6666666666666666,0.0,H
West Ham,Aston Villa,2024-03-17 00:00:00+00:00,0.0,0.6,D
Brentford,Man United,2024-03-30 00:00:00+00:00,1.4,0.2,D
Aston Villa,Wolves,2024-03-30 00:00:00+00:00,0.2,0.0,H
Nott'm Forest,Crystal Palace,2024-03-30 00:00:00+00:00,0.3333333333333333,0.3333333333333333,D
Chelsea,Burnley,2024-03-30 00:00:00+00:00,-2.3333333333333335,0.6666666666666666,D
Bournemouth,Everton,2024-03-30 00:00:00+00:00,2.3333333333333335,0.3333333333333333,H
Newcastle,West Ham,2024-03-30 00:00:00+00:00,-1.2,0.2,H
Man City,Arsenal,2024-03-31 00:00:00+00:00,1.2,0.8,D
Liverpool,Brighton,2024-03-31 00:00:00+00:00,0.2,0.2,H
Nott'm Forest,Fulham,2024-04-02 00:00:00+00:00,2.0,0.0,H
Newcastle,Everton,2024-04-02 00:00:00+00:00,0.8,0.6,D
Burnley,Wolves,2024-04-02 00:00:00+00:00,0.6666666666666666,0.3333333333333333,D
West Ham,Tottenham,2024-04-02 00:00:00+00:00,0.8,0.4,D
Bournemouth,Crystal Palace,2024-04-02 00:00:00+00:00,-0.6666666666666666,0.3333333333333333,H
Brentford,Brighton,2024-04-03 00:00:00+00:00,0.8,0.2,D
Man City,Aston Villa,2024-04-03 00:00:00+00:00,0.6,0.6,H
Chelsea,Man United,2024-04-04 00:00:00+00:00,0.8,0.0,H
Fulham,Newcastle,2024-04-06 00:00:00+00:00,0.3333333333333333,0.0,A
Brighton,Arsenal,2024-04-06 00:00:00+00:00,-0.8,0.4,A
Everton,Burnley,2024-04-06 00:00:00+00:00,0.3333333333333333,0.6666666666666666,H
Wolves,West Ham,2024-04-06 00:00:00+00:00,1.6,0.4,A
Crystal Palace,Man City,2024-04-06 00:00:00+00:00,-0.2,0.2,A
Aston Villa,Brentford,2024-04-06 00:00:00+00:00,0.8,0.4,D
Tottenham,Nott'm Forest,2024-04-07 00:00:00+00:00,-0.6666666666666666,1.0,H
Man United,Liverpool,2024-04-07 00:00:00+00:00,1.4,0.2,D
Newcastle,Tottenham,2024-04-13 00:00:00+00:00,2.0,0.4,H
Burnley,Brighton,2024-04-13 00:00:00+00:00,-1.3333333333333333,0.3333333333333333,D
Nott'm Forest,Wolves,2024-04-13 00:00:00+00:00,0.3333333333333333,0.0,D
Bournemouth,Man United,2024-04-13 00:00:00+00:00,-0.3333333333333333,0.3333333333333333,D
Liverpool,Crystal Palace,2024-04-14 00:00:00+00:00,0.0,0.6,A
West Ham,Fulham,2024-04-14 00:00:00+00:00,2.0,0.6666666666666666,A
Arsenal,Aston Villa,2024-04-14 00:00:00+00:00,0.2,0.8,A
Chelsea,Everton,2024-04-15 00:00:00+00:00,0.4,0.2,H
Wolves,Arsenal,2024-04-20 00:00:00+00:00,0.8,0.0,A
Crystal Palace,West Ham,2024-04-21 00:00:00+00:00,-0.2,0.4,H
Fulham,Liverpool,2024-04-21 00:00:00+00:00,0.6666666666666666,0.0,A
Aston Villa,Bournemouth,2024-04-21 00:00:00+00:00,1.6666666666666667,0.3333333333333333,H
Everton,Nott'm Forest,2024-04-21 00:00:00+00:00,-0.3333333333333333,0.3333333333333333,H
Arsenal,Chelsea,2024-04-23 00:00:00+00:00,-0.6,0.6,H
Wolves,Bournemouth,2024-04-24 00:00:00+00:00,-0.6666666666666666,0.3333333333333333,A
Crystal Palace,Newcastle,2024-04-24 00:00:00+00:00,1.0,0.0,H
Everton,Liverpool,2024-04-24 00:00:00+00:00,0.6,0.0,H
Brighton,Man City,2024-04-25 00:00:00+00:00,0.6,0.0,A
Man United,Burnley,2024-04-27 00:00:00+00:00,0.3333333333333333,0.6666666666666666,D
Fulham,Crystal Palace,2024-04-27 00:00:00+00:00,-1.0,0.3333333333333333,D
West Ham,Liverpool,2024-04-27 00:00:00+00:00,0.8,0.2,D
Aston Villa,Chelsea,2024-04-27 00:00:00+00:00,-0.8,0.4,D
Everton,Brentford,2024-04-27 00:00:00+00:00,-0.2,0.4,H
Bournemouth,Brighton,2024-04-28 00:00:00+00:00,0.3333333333333333,0.0,H
Tottenham,Arsenal,2024-04-28 00:00:00+00:00,1.0,0.2,A
Nott'm Forest,Man City,2024-04-28 00:00:00+00:00,2.6666666666666665,0.0,A
Chelsea,Tottenham,2024-05-02 00:00:00+00:00,-0.4,0.6,H
Man City,Wolves,2024-05-04 00:00:00+00:00,-0.4,0.8,H
Burnley,Newcastle,2024-05-04 00:00:00+00:00,0.6666666666666666,0.0,A
Brentford,Fulham,2024-05-04 00:00:00+00:00,-0.3333333333333333,0.6666666666666666,D
Arsenal,Bournemouth,2024-05-04 00:00:00+00:00,-2.0,1.0,H
Brighton,Aston Villa,2024-05-05 00:00:00+00:00,1.0,0.0,H
Chelsea,West Ham,2024-05-05 00:00:00+00:00,1.0,0.4,H
Liverpool,Tottenham,2024-05-05 00:00:00+00:00,0.2,0.4,H
Crystal Palace,Man United,2024-05-06 00:00:00+00:00,0.4,0.4,H
Bournemouth,Brentford,2024-05-11 00:00:00+00:00,0.6666666666666666,0.0,A
Nott'm Forest,Chelsea,2024-05-11 00:00:00+00:00,-0.3333333333333333,0.3333333333333333,A
Wolves,Crystal Palace,2024-05-11 00:00:00+00:00,0.8,0.2,A
Newcastle,Brighton,2024-05-11 00:00:00+00:00,1.2,0.4,D
Fulham,Man City,2024-05-11 00:00:00+00:00,1.3333333333333333,0.0,A
Tottenham,Burnley,2024-05-11 00:00:00+00:00,-0.3333333333333333,0.6666666666666666,H
Man United,Arsenal,2024-05-12 00:00:00+00:00,1.6,0.4,A
Aston Villa,Liverpool,2024-05-13 00:00:00+00:00,0.2,0.0,D
Tottenham,Man City,2024-05-14 00:00:00+00:00,0.6,0.6,A
Brighton,Chelsea,2024-05-15 00:00:00+00:00,0.6,0.4,A
Man United,Newcastle,2024-05-15 00:00:00+00:00,1.2,0.2,H
Arsenal,Everton,2024-05-19 00:00:00+00:00,1.8,0.6,H
Brentford,Newcastle,2024-05-19 00:00:00+00:00,0.4,0.0,A
Man City,West Ham,2024-05-19 00:00:00+00:00,0.0,0.8,H
Brighton,Man United,2024-05-19 00:00:00+00:00,0.8,0.8,A
Chelsea,Bournemouth,2024-05-19 00:00:00+00:00,0.0,0.6666666666666666,H
Liverpool,Wolves,2024-05-19 00:00:00+00:00,0.8,0.8,H
Crystal Palace,Aston Villa,2024-05-19 00:00:00+00:00,0.8,0.2,H
